asin,title,bullets,keywords
A1,Ultra Insulated Steel Bottle 1L,"Leak proof lid; BPA free; Keeps cold 24h","insulated bottle, leak proof bottle, gym water bottle, cold flask"
A2,Premium Gym Metal Flask 1L,"Sweat free; Durable strap; Travel friendly","metal gym bottle, sports flask, stainless bottle"
A3,Camping Insulated Water Flask,"Heavy duty; Outdoor ready; Large capacity","camping bottle, insulated camping flask, outdoor water bottle"
A4,Travel Stainless Water Bottle,"Compact; Lightweight; Office and travel use","travel bottle, office flask, lightweight metal bottle"
A5,Pro Sports Leakproof Bottle,"Shock resistant; Anti scratch; Long lasting","sports bottle, leak proof sports bottle, durable gym bottle"
A6,Outdoor Adventure Cold Flask,"Extreme insulation; Hiking friendly","hiking water bottle, camping metal flask, ultra insulated bottle"
A7,Premium Cold Retention Bottle,"Double wall; Sweat free exterior","double wall bottle, insulated steel bottle, premium water flask"
A8,Stainless Travel Gym Bottle,"Stylish; Easy carry; BPA free","gym water flask, travel sports bottle, metal water flask"
A9,Ultra Cold Steel Flask,"Keeps ice 30 hours; Anti rust coating","cold water flask, rust resistant bottle, insulated gym bottle"
A10,Heavy Duty Camping Bottle,"Large capacity; Outdoor grade","camping bottle, heavy duty flask, adventure water bottle"